<?xml version="1.0" encoding="UTF-8"?>
<project-private xmlns="http://www.netbeans.org/ns/project-private/1">
    <editor-bookmarks xmlns="http://www.netbeans.org/ns/editor-bookmarks/2" lastBookmarkId="0"/>
    <open-files xmlns="http://www.netbeans.org/ns/projectui-open-files/2">
        <group>
            <file>file:/Users/osman/Desktop/RoomScheduler/src/ReservationEntry.java</file>
            <file>file:/Users/osman/Desktop/RoomScheduler/src/WaitlistQueries.java</file>
            <file>file:/Users/osman/Desktop/RoomScheduler/src/Faculty.java</file>
            <file>file:/Users/osman/Desktop/RoomScheduler/src/RoomQueries.java</file>
            <file>file:/Users/osman/Desktop/RoomScheduler/src/DBConnection.java</file>
            <file>file:/Users/osman/Desktop/RoomScheduler/src/ReservationQueries.java</file>
            <file>file:/Users/osman/Desktop/RoomScheduler/src/RoomSchedulerFrame.java</file>
            <file>file:/Users/osman/Desktop/RoomScheduler/src/Dates.java</file>
            <file>file:/Users/osman/Desktop/RoomScheduler/src/RoomEntry.java</file>
            <file>file:/Users/osman/Desktop/RoomScheduler/src/WaitlistEntry.java</file>
        </group>
    </open-files>
</project-private>
